0,1,2,3,4,5,6,trajectory_file,trajectory_id
-1935.0,42276.74,0.0507489,13.4614,107.7131,188.8823,5.8539,eledebtrain001.dat,eledebtrain001
-255.0,42276.71,0.180496,13.4489,194.6175,21.4868,357.8997,eledebtrain001.dat,eledebtrain001
6195.0,42282.78,0.0470694,11.017,75.741,279.1345,362.3818,eledebtrain001.dat,eledebtrain001
6385.0,42321.28,0.1882959,10.9412,168.1598,92.0366,355.8997,eledebtrain001.dat,eledebtrain001
-715.0,42192.72,0.4072139,28.194,351.5995,272.5405,357.0113,eledebtrain002.dat,eledebtrain002
-235.0,42271.82,0.0637583,27.2531,112.556,338.9246,348.3112,eledebtrain002.dat,eledebtrain002
755.0,42296.68,0.3650661,22.3616,154.3212,302.8574,324.2259,eledebtrain002.dat,eledebtrain002
1125.0,42227.96,0.3521713,19.5906,11.4006,313.6472,321.9356,eledebtrain002.dat,eledebtrain002
1725.0,42306.9,0.3791809,13.9704,222.5606,252.5172,312.304,eledebtrain002.dat,eledebtrain002
2525.0,42272.05,0.4336811,6.4674,244.2444,281.2392,318.7207,eledebtrain002.dat,eledebtrain002
3215.0,42250.28,0.4316447,4.7589,15.9194,196.8797,25.2205,eledebtrain002.dat,eledebtrain002
4665.0,42244.26,0.43568,18.8609,206.654,176.5284,35.0543,eledebtrain002.dat,eledebtrain002
6615.0,42267.42,0.2511123,26.3663,129.0853,266.9265,355.394,eledebtrain002.dat,eledebtrain002
7295.0,42265.12,0.3813562,24.622,255.539,249.6137,340.4002,eledebtrain002.dat,eledebtrain002
3695.0,42284.33,0.101188,16.6487,256.3106,261.1312,348.9994,eledebtrain003.dat,eledebtrain003
6515.0,42332.92,0.1065086,13.6722,218.3799,337.8578,315.6969,eledebtrain003.dat,eledebtrain003
6945.0,42301.08,0.1093016,13.0217,159.9939,349.3525,307.7929,eledebtrain003.dat,eledebtrain003
-2935.0,42225.81,0.8176535,9.3707,340.9737,357.7935,256.5417,eledebtrain004.dat,eledebtrain004
-1215.0,42278.07,0.8111489,27.2978,158.7088,188.6762,311.2821,eledebtrain004.dat,eledebtrain004
-915.0,42274.0,0.8220965,19.2628,115.7046,181.6072,283.5438,eledebtrain004.dat,eledebtrain004
1565.0,42174.8,0.6935912,9.0696,99.4672,200.7665,148.4173,eledebtrain004.dat,eledebtrain004
2315.0,42233.02,0.3543749,34.2459,249.7536,302.9854,25.262,eledebtrain004.dat,eledebtrain004
4505.0,42139.29,0.659685,31.1574,236.8214,35.5712,52.1602,eledebtrain004.dat,eledebtrain004
-3875.0,42262.41,0.1057292,3.7292,360.3476,319.5505,9.4626,eledebtrain005.dat,eledebtrain005
605.0,42198.8,0.0994401,9.0515,94.8312,39.1157,21.0754,eledebtrain005.dat,eledebtrain005
1585.0,42276.21,0.1563297,9.5908,272.2858,35.6957,18.1431,eledebtrain005.dat,eledebtrain005
-4575.0,42291.35,0.1026221,3.5479,201.8296,295.5826,101.892,eledebtrain006.dat,eledebtrain006
-2255.0,42300.1,0.0882822,9.3847,209.1257,16.588,60.1339,eledebtrain006.dat,eledebtrain006
-1315.0,42187.41,0.1130871,11.5469,73.8882,37.4897,47.6303,eledebtrain006.dat,eledebtrain006
-285.0,42275.18,0.0918011,12.7821,274.3667,62.5348,36.5069,eledebtrain006.dat,eledebtrain006
4685.0,42210.35,0.1057444,15.9888,194.64,211.2473,351.2486,eledebtrain006.dat,eledebtrain006
5595.0,42247.33,0.0810128,15.8015,52.3039,234.6043,344.0549,eledebtrain006.dat,eledebtrain006
445.0,42274.48,0.1409064,24.8346,147.2733,27.7438,299.7016,eledebtrain007.dat,eledebtrain007
1055.0,42283.17,0.324682,17.5789,310.1498,315.6562,271.1877,eledebtrain007.dat,eledebtrain007
1785.0,42227.94,0.3303965,8.0813,315.8662,8.5634,217.2742,eledebtrain007.dat,eledebtrain007
3325.0,42319.62,0.1404234,23.2045,230.2638,218.2059,69.5168,eledebtrain007.dat,eledebtrain007
-2055.0,42310.7,0.04436,12.654,153.191,317.108,31.7312,eledebtrain008.dat,eledebtrain008
-215.0,42231.14,0.0612522,14.7112,276.9317,351.3587,13.3877,eledebtrain008.dat,eledebtrain008
305.0,42256.1,0.0825037,15.3376,211.5432,257.6974,8.7168,eledebtrain008.dat,eledebtrain008
1085.0,42225.71,0.1069954,14.9501,291.6856,299.0668,2.3523,eledebtrain008.dat,eledebtrain008
1495.0,42272.21,0.1212537,14.866,140.0062,321.0698,365.5334,eledebtrain008.dat,eledebtrain008
2075.0,42282.44,0.004596,14.5001,197.8485,94.0857,349.8123,eledebtrain008.dat,eledebtrain008
3285.0,42285.21,0.0886212,14.3783,301.3641,334.1321,352.8108,eledebtrain008.dat,eledebtrain008
4095.0,42236.11,0.11876,13.4107,3.0408,27.7246,338.5009,eledebtrain008.dat,eledebtrain008
6595.0,42246.24,0.0557787,10.5751,314.081,39.7535,323.7063,eledebtrain008.dat,eledebtrain008
7095.0,42331.97,0.1240607,9.3821,80.7057,117.8578,320.4307,eledebtrain008.dat,eledebtrain008
-2675.0,42190.41,0.182362,22.3112,114.2848,159.978,292.7341,eledebtrain009.dat,eledebtrain009
-945.0,42241.74,0.1790053,41.933,27.8132,135.7076,358.5142,eledebtrain009.dat,eledebtrain009
-445.0,42264.96,0.7356899,32.9437,239.219,228.3039,315.8023,eledebtrain009.dat,eledebtrain009
-205.0,42190.84,0.5724074,30.7678,286.2107,174.4844,301.1604,eledebtrain009.dat,eledebtrain009
575.0,42263.14,0.7032708,22.7576,221.3949,22.2521,95.9188,eledebtrain009.dat,eledebtrain009
815.0,42171.81,0.597384,23.8821,300.1619,347.3041,62.8574,eledebtrain009.dat,eledebtrain009
2505.0,42195.6,0.6221605,25.6402,290.9119,333.7222,280.7755,eledebtrain009.dat,eledebtrain009
3085.0,42176.17,0.1083185,11.3577,349.6102,37.9304,94.242,eledebtrain009.dat,eledebtrain009
6985.0,42270.19,0.6576754,43.6201,201.4323,324.457,330.139,eledebtrain009.dat,eledebtrain009
695.0,42189.07,0.0312166,18.9283,48.2588,236.1937,308.8843,eledebtrain010.dat,eledebtrain010
2075.0,42300.99,0.238899,14.6432,317.5608,40.9129,60.6011,eledebtrain010.dat,eledebtrain010
2505.0,42229.3,0.1539858,22.1571,318.1832,253.778,47.7093,eledebtrain010.dat,eledebtrain010
2985.0,42280.3,0.5925484,30.0251,69.3932,326.0856,29.4255,eledebtrain010.dat,eledebtrain010
5965.0,42288.66,0.1754299,0.4753,327.5756,334.9274,354.6575,eledebtrain010.dat,eledebtrain010
6515.0,42295.44,0.5964574,11.0159,220.6475,164.3487,68.949,eledebtrain010.dat,eledebtrain010
7275.0,42285.0,0.5745759,30.3994,272.5693,195.0383,39.9331,eledebtrain010.dat,eledebtrain010
4305.0,42237.25,0.0652456,12.0682,300.5958,341.4177,329.523,eledebtrain011.dat,eledebtrain011
5845.0,42321.41,0.0757261,10.1254,102.3469,21.4316,313.5906,eledebtrain011.dat,eledebtrain011
5485.0,42229.24,0.1420571,10.42,126.2956,322.5295,341.7434,eledebtrain012.dat,eledebtrain012
5895.0,42191.08,0.1424521,10.2268,21.4818,330.9961,336.3236,eledebtrain012.dat,eledebtrain012
6465.0,42320.22,0.0708771,9.5396,273.3369,329.9729,340.7781,eledebtrain012.dat,eledebtrain012
6875.0,42274.35,0.0929561,8.9757,185.6836,340.4201,327.8121,eledebtrain012.dat,eledebtrain012
305.0,42259.25,0.0430257,15.0997,346.2193,167.8652,47.6966,eledebtrain013.dat,eledebtrain013
1585.0,42301.87,0.1597935,18.3989,38.9868,19.5837,33.2814,eledebtrain013.dat,eledebtrain013
3255.0,42261.33,0.047727,22.2131,335.1034,215.1244,14.7997,eledebtrain013.dat,eledebtrain013
3525.0,42296.8,0.1341646,22.5607,337.6438,119.3469,11.8763,eledebtrain013.dat,eledebtrain013
3925.0,42280.37,0.1102654,22.6658,161.821,149.9348,6.6712,eledebtrain013.dat,eledebtrain013
4245.0,42297.89,0.1455631,22.8697,74.4274,123.9761,2.7763,eledebtrain013.dat,eledebtrain013
5265.0,42303.37,0.1513343,23.0788,104.6937,94.3994,344.1925,eledebtrain013.dat,eledebtrain013
6425.0,42208.66,0.1579057,21.6052,362.0377,151.7369,328.3412,eledebtrain013.dat,eledebtrain013
6675.0,42281.39,0.1036256,21.2901,340.5119,82.3941,330.2528,eledebtrain013.dat,eledebtrain013
6865.0,42335.48,0.1278972,20.3928,149.539,208.0949,331.9975,eledebtrain013.dat,eledebtrain013
7295.0,42216.12,0.0666083,19.4089,289.0165,268.0033,317.66,eledebtrain013.dat,eledebtrain013
875.0,42264.54,0.0619639,12.0426,170.3383,324.0578,10.358,eledebtrain014.dat,eledebtrain014
1135.0,42269.64,0.0655236,12.4162,123.6641,329.0212,8.6233,eledebtrain014.dat,eledebtrain014
2415.0,42304.53,0.0593834,12.3376,227.5515,3.2694,1.1293,eledebtrain014.dat,eledebtrain014
2865.0,42266.93,0.0588631,12.6168,140.9679,10.3741,365.5465,eledebtrain014.dat,eledebtrain014
3175.0,42195.57,0.0589666,12.6541,74.554,21.3008,359.8386,eledebtrain014.dat,eledebtrain014
4175.0,42206.43,0.066713,12.279,228.4473,48.0231,347.6694,eledebtrain014.dat,eledebtrain014
4375.0,42219.16,0.0598983,12.5916,198.2459,48.3941,346.6912,eledebtrain014.dat,eledebtrain014
4675.0,42232.59,0.0586816,12.2198,132.6951,60.3292,343.2987,eledebtrain014.dat,eledebtrain014
4965.0,42211.79,0.0630099,12.3826,71.9125,69.1035,340.9253,eledebtrain014.dat,eledebtrain014
5395.0,42290.92,0.0593447,12.125,349.3719,79.8308,343.2008,eledebtrain014.dat,eledebtrain014
6105.0,42335.8,0.0620307,11.669,206.9843,102.6766,329.9725,eledebtrain014.dat,eledebtrain014
6605.0,42276.38,0.0602666,10.9668,112.3444,111.3334,329.9573,eledebtrain014.dat,eledebtrain014
5.0,42223.18,0.0213662,17.0204,112.693,323.6259,8.6274,eledebtrain015.dat,eledebtrain015
385.0,42218.5,0.0255846,17.4853,7.9114,335.2898,4.517,eledebtrain015.dat,eledebtrain015
755.0,42257.7,0.0244995,16.8793,282.3152,351.1716,0.6873,eledebtrain015.dat,eledebtrain015
1255.0,42288.59,0.0578278,16.9425,64.8009,85.2126,354.4562,eledebtrain015.dat,eledebtrain015
1465.0,42224.99,0.0118351,17.0109,147.2016,317.6195,357.5942,eledebtrain015.dat,eledebtrain015
1845.0,42310.69,0.0143485,16.4643,33.3912,346.8779,355.6724,eledebtrain015.dat,eledebtrain015
2585.0,42234.45,0.0130451,15.9777,211.7231,349.1092,346.2305,eledebtrain015.dat,eledebtrain015
2935.0,42186.73,0.0106394,15.441,190.7053,298.9775,336.6163,eledebtrain015.dat,eledebtrain015
4995.0,42304.38,0.0572902,13.4489,193.521,192.6662,322.2987,eledebtrain015.dat,eledebtrain015
5715.0,42289.66,0.0561731,12.4911,26.007,197.8062,311.0048,eledebtrain015.dat,eledebtrain015
6475.0,42312.45,0.0564149,11.054,184.9748,235.3446,306.3633,eledebtrain015.dat,eledebtrain015
6935.0,42267.26,0.041771,10.2145,16.2955,302.1661,301.6241,eledebtrain015.dat,eledebtrain015
7165.0,42338.62,0.0497225,9.4599,46.8962,224.4763,299.3461,eledebtrain015.dat,eledebtrain015
-355.0,42268.8,0.312156,26.863,242.6721,325.3543,359.4648,eledebtrain016.dat,eledebtrain016
5835.0,42277.45,0.2866861,19.1212,72.2278,277.0713,27.2454,eledebtrain016.dat,eledebtrain016
6015.0,42285.13,0.2355347,20.5221,264.0131,24.6339,23.3914,eledebtrain016.dat,eledebtrain016
7205.0,42256.85,0.0699861,23.1939,69.1483,212.0025,6.8629,eledebtrain016.dat,eledebtrain016
355.0,42298.87,0.0671325,15.1284,156.18,245.8158,15.3508,eledebtrain017.dat,eledebtrain017
1855.0,42289.68,0.0641827,15.6207,346.7559,293.7126,3.2895,eledebtrain017.dat,eledebtrain017
2045.0,42256.88,0.0651279,15.7332,79.3258,141.5894,1.8662,eledebtrain017.dat,eledebtrain017
3275.0,42210.72,0.073176,15.4859,278.3039,275.4619,353.3903,eledebtrain017.dat,eledebtrain017
3915.0,42341.41,0.0679812,15.4773,147.0187,196.6058,353.4577,eledebtrain017.dat,eledebtrain017
4395.0,42219.72,0.0725631,15.1234,246.9433,305.0285,342.6059,eledebtrain017.dat,eledebtrain017
5135.0,42246.35,0.0714234,14.9207,353.6598,317.4297,331.7824,eledebtrain017.dat,eledebtrain017
5325.0,42292.78,0.0568492,14.5668,98.4613,155.5719,333.1967,eledebtrain017.dat,eledebtrain017
5655.0,42217.49,0.0536013,14.2013,27.844,121.478,326.6096,eledebtrain017.dat,eledebtrain017
6095.0,42277.19,0.0582914,13.2235,166.4955,208.1732,326.6742,eledebtrain017.dat,eledebtrain017
6415.0,42270.62,0.053007,12.7936,111.6268,163.2247,325.0895,eledebtrain017.dat,eledebtrain017
7085.0,42257.21,0.0563426,11.1525,323.4959,100.89,313.9372,eledebtrain017.dat,eledebtrain017
225.0,42187.01,0.0189856,15.4925,42.8618,183.3185,43.9813,eledebtrain018.dat,eledebtrain018
2575.0,42280.19,0.0483294,18.4197,205.3383,286.0588,19.894,eledebtrain018.dat,eledebtrain018
3665.0,42303.45,0.0452874,19.4976,344.9856,308.6803,8.3167,eledebtrain018.dat,eledebtrain018
5245.0,42182.93,0.0445401,20.1421,315.2893,37.315,348.6225,eledebtrain018.dat,eledebtrain018
5595.0,42332.93,0.0468213,19.8051,251.0606,36.7483,339.9524,eledebtrain018.dat,eledebtrain018
6305.0,42317.05,0.0478554,18.8159,108.0923,42.4103,334.3521,eledebtrain018.dat,eledebtrain018
6925.0,42268.66,0.0215356,17.9103,24.7072,9.3506,331.1359,eledebtrain018.dat,eledebtrain018
7175.0,42244.79,0.0278443,18.0652,225.4121,120.895,325.8962,eledebtrain018.dat,eledebtrain018
6315.0,42340.95,0.6476585,11.2377,215.874,2.2716,20.6285,eledebtrain019.dat,eledebtrain019
-3085.0,42273.03,0.1429969,12.16,292.4054,53.2743,72.7044,eledebtrain020.dat,eledebtrain020
-2145.0,42324.09,0.0070119,14.9949,22.4347,61.2732,57.0923,eledebtrain020.dat,eledebtrain020
-1545.0,42290.01,0.1355704,16.7258,150.2264,129.6063,47.23,eledebtrain020.dat,eledebtrain020
-1255.0,42227.26,0.1375771,17.1624,97.5658,101.8266,43.0884,eledebtrain020.dat,eledebtrain020
-865.0,42308.25,0.1457801,17.9351,323.3753,119.135,38.2111,eledebtrain020.dat,eledebtrain020
445.0,42262.95,0.0075454,19.8963,228.9854,212.9374,21.0467,eledebtrain020.dat,eledebtrain020
725.0,42333.38,0.1086416,20.4448,145.3991,213.9895,18.1779,eledebtrain020.dat,eledebtrain020
935.0,42206.75,0.1220471,20.3571,152.4928,141.5105,15.9781,eledebtrain020.dat,eledebtrain020
2065.0,42323.61,0.1327858,20.8593,157.9481,181.8117,3.7585,eledebtrain020.dat,eledebtrain020
4835.0,42207.02,0.0795995,19.2092,290.0216,327.9707,335.776,eledebtrain020.dat,eledebtrain020
7085.0,42226.18,0.052838,14.7682,318.7292,38.2489,306.1577,eledebtrain020.dat,eledebtrain020
-3085.0,42222.77,0.0720493,18.354,292.6845,108.9713,58.3345,eledebtrain021.dat,eledebtrain021
-1565.0,42109.25,0.8347902,27.4971,265.1192,221.7071,311.6884,eledebtrain022.dat,eledebtrain022
-315.0,42096.14,0.6295989,41.2979,206.4356,7.1822,8.8163,eledebtrain022.dat,eledebtrain022
5.0,42114.87,0.5880567,39.0984,154.985,353.7028,335.0636,eledebtrain022.dat,eledebtrain022
1585.0,42025.4,0.1323069,38.9685,37.051,100.0311,352.3413,eledebtrain022.dat,eledebtrain022
2925.0,42007.9,0.2549062,28.4466,219.659,305.3396,42.1762,eledebtrain022.dat,eledebtrain022
5175.0,41930.97,0.091316,39.3593,347.1167,327.4068,3.2112,eledebtrain022.dat,eledebtrain022
5955.0,42058.51,0.7403478,20.2965,168.5851,147.9407,258.1751,eledebtrain022.dat,eledebtrain022
4125.0,42323.6,0.0761525,12.5567,317.7124,41.1169,349.213,eledebtrain023.dat,eledebtrain023
4305.0,42292.79,0.0591513,12.5788,280.5103,48.3135,344.3355,eledebtrain023.dat,eledebtrain023
4705.0,42268.51,0.0595104,12.6589,205.3236,55.685,348.7066,eledebtrain023.dat,eledebtrain023
5045.0,42297.54,0.0585076,12.2338,134.7339,67.5003,348.4471,eledebtrain023.dat,eledebtrain023
5825.0,42299.2,0.0594341,11.9624,360.8678,86.1129,334.7687,eledebtrain023.dat,eledebtrain023
6545.0,42279.36,0.0585308,10.8549,217.9871,110.4409,334.1983,eledebtrain023.dat,eledebtrain023
7025.0,42269.9,0.0694746,10.1583,131.506,115.5467,329.1163,eledebtrain023.dat,eledebtrain023
-275.0,42205.95,0.1090774,13.2826,288.1551,288.9166,54.3386,eledebtrain024.dat,eledebtrain024
535.0,42218.26,0.0775075,14.5967,47.2469,328.4227,45.0566,eledebtrain024.dat,eledebtrain024
1095.0,42289.77,0.0950192,15.343,297.4379,291.2836,39.8041,eledebtrain024.dat,eledebtrain024
1385.0,42279.95,0.0456748,16.2477,222.4856,302.1437,35.6924,eledebtrain024.dat,eledebtrain024
3335.0,42210.57,0.1044423,18.7893,23.2605,356.4826,15.9897,eledebtrain024.dat,eledebtrain024
7215.0,42217.67,0.0872359,17.8397,307.3593,152.1681,327.6328,eledebtrain024.dat,eledebtrain024
-3345.0,42249.67,0.0576852,8.8583,110.6233,166.4303,43.0166,eledebtrain025.dat,eledebtrain025
-1815.0,42279.3,0.0559357,11.2978,257.4371,209.0223,29.4363,eledebtrain025.dat,eledebtrain025
-905.0,42275.83,0.0527764,12.6222,136.5008,225.5306,20.6418,eledebtrain025.dat,eledebtrain025
45.0,42244.06,0.0581312,12.8854,358.5069,259.6828,11.8124,eledebtrain025.dat,eledebtrain025
365.0,42262.8,0.0587486,12.6387,318.6532,263.1906,9.2427,eledebtrain025.dat,eledebtrain025
1035.0,42281.82,0.0565743,12.6247,224.6824,275.1004,4.0549,eledebtrain025.dat,eledebtrain025
2315.0,42227.95,0.0544862,12.4366,37.1513,309.6385,357.2765,eledebtrain025.dat,eledebtrain025
2895.0,42331.43,0.0552306,12.3668,315.3497,320.3288,358.7176,eledebtrain025.dat,eledebtrain025
3525.0,42247.16,0.0505749,12.3593,224.8075,339.5553,352.6708,eledebtrain025.dat,eledebtrain025
3905.0,42192.23,0.0501533,12.004,175.4152,355.5257,341.6552,eledebtrain025.dat,eledebtrain025
4215.0,42245.03,0.0503285,12.2832,130.2049,1.3942,344.1846,eledebtrain025.dat,eledebtrain025
5825.0,42335.34,0.0504346,11.2244,262.4537,39.0309,333.0457,eledebtrain025.dat,eledebtrain025
6605.0,42244.15,0.0524716,9.9323,157.1975,60.4425,325.9297,eledebtrain025.dat,eledebtrain025
7265.0,42180.72,0.049233,8.9306,59.7638,84.7764,312.4654,eledebtrain025.dat,eledebtrain025
-1035.0,42325.6,0.0409359,6.7413,255.87,322.6358,9.1733,eledebtrain026.dat,eledebtrain026
-575.0,42220.28,0.0691343,7.0287,44.2542,88.2561,11.0203,eledebtrain026.dat,eledebtrain026
585.0,42221.03,0.0878337,7.6191,143.4897,136.2468,16.7671,eledebtrain026.dat,eledebtrain026
2275.0,42272.05,0.0529929,9.3998,12.4099,314.0973,22.7225,eledebtrain026.dat,eledebtrain026
3035.0,42239.0,0.0453159,10.5791,199.549,353.3059,21.4764,eledebtrain026.dat,eledebtrain026
4315.0,42195.72,0.0978902,12.4607,121.312,215.0407,15.3705,eledebtrain026.dat,eledebtrain026
4595.0,42246.79,0.0541979,13.0077,141.7279,141.3513,13.4443,eledebtrain026.dat,eledebtrain026
4995.0,42322.97,0.068638,13.32,33.6927,175.4796,10.4746,eledebtrain026.dat,eledebtrain026
5325.0,42204.16,0.047532,13.5252,12.8455,139.0906,7.8692,eledebtrain026.dat,eledebtrain026
6985.0,42307.31,0.1050495,13.5474,259.2421,317.9556,357.5506,eledebtrain026.dat,eledebtrain026
1675.0,42189.19,0.1033178,10.7477,44.6143,218.3472,322.1855,eledebtrain027.dat,eledebtrain027
2195.0,42294.77,0.1039299,9.8575,261.0292,268.4233,323.1002,eledebtrain027.dat,eledebtrain027
2745.0,42258.27,0.0799552,8.6591,191.917,237.5942,323.2746,eledebtrain027.dat,eledebtrain027
3145.0,42310.46,0.0930745,8.1975,105.7463,249.9896,326.1696,eledebtrain027.dat,eledebtrain027
3985.0,42252.94,0.127854,6.9399,273.6928,281.3325,325.0794,eledebtrain027.dat,eledebtrain027
4215.0,42315.8,0.0719819,6.4929,250.0047,264.6279,317.2703,eledebtrain027.dat,eledebtrain027
4735.0,42289.53,0.1306556,5.7753,123.2543,292.9452,322.6261,eledebtrain027.dat,eledebtrain027
4975.0,42211.72,0.0797487,5.6258,93.0827,283.6049,328.6716,eledebtrain027.dat,eledebtrain027
5355.0,42318.99,0.0863919,5.0509,18.3663,285.3492,320.3637,eledebtrain027.dat,eledebtrain027
5595.0,42260.24,0.0816244,4.6942,293.2459,325.5007,331.4818,eledebtrain027.dat,eledebtrain027
6135.0,42312.19,0.1050503,4.0397,215.06,294.6863,331.4665,eledebtrain027.dat,eledebtrain027
6435.0,42217.2,0.0693365,3.581,154.0693,303.2455,336.7687,eledebtrain027.dat,eledebtrain027
7145.0,42190.34,0.0613354,2.7083,353.2459,313.6564,344.6875,eledebtrain027.dat,eledebtrain027
-1205.0,42258.56,0.1230631,18.0331,51.8218,197.0297,60.0218,eledebtrain028.dat,eledebtrain028
-945.0,42280.05,0.0927763,18.8956,345.8251,239.9539,55.9298,eledebtrain028.dat,eledebtrain028
-685.0,42235.5,0.1590789,19.2617,318.13,245.671,52.0508,eledebtrain028.dat,eledebtrain028
-465.0,42232.49,0.1186527,19.2583,314.8834,221.2803,49.7593,eledebtrain028.dat,eledebtrain028
-285.0,42323.34,0.1444964,19.84,259.1634,266.3703,46.0361,eledebtrain028.dat,eledebtrain028
955.0,42218.31,0.0823201,21.9143,123.6889,279.0875,29.7555,eledebtrain028.dat,eledebtrain028
2465.0,42324.03,0.0910697,23.1391,303.036,307.2574,12.0349,eledebtrain028.dat,eledebtrain028
3475.0,42277.71,0.1157339,23.4476,136.4265,14.2744,366.1566,eledebtrain028.dat,eledebtrain028
3945.0,42285.93,0.0871297,24.1995,111.2209,358.8486,358.3462,eledebtrain028.dat,eledebtrain028
4755.0,42242.45,0.1335339,24.1607,13.4102,9.7765,349.0447,eledebtrain028.dat,eledebtrain028
5555.0,42183.23,0.1679106,22.7757,256.9566,44.0426,336.1821,eledebtrain028.dat,eledebtrain028
6205.0,42316.97,0.1085324,21.9913,188.7156,49.6419,324.6102,eledebtrain028.dat,eledebtrain028
-95.0,42319.26,0.0535957,15.0938,61.136,263.5118,353.8405,eledebtrain029.dat,eledebtrain029
265.0,42293.99,0.0453275,15.1551,306.8584,268.1732,361.4028,eledebtrain029.dat,eledebtrain029
515.0,42281.58,0.0543502,14.7434,149.1335,1.8784,349.1192,eledebtrain029.dat,eledebtrain029
2735.0,42301.62,0.0612248,12.6353,194.7912,55.9997,333.5133,eledebtrain029.dat,eledebtrain029
3155.0,42300.13,0.0303296,11.9556,65.9233,68.6683,329.8938,eledebtrain029.dat,eledebtrain029
4215.0,42270.5,0.0680518,10.7006,104.8783,88.4839,327.5727,eledebtrain029.dat,eledebtrain029
5435.0,42298.96,0.0208346,9.2195,163.9272,54.0885,314.3627,eledebtrain029.dat,eledebtrain029
1815.0,42257.51,0.0539441,8.4637,234.4076,236.0989,330.6584,eledebtrain030.dat,eledebtrain030
2335.0,42313.34,0.05329,7.4984,144.6545,164.5436,323.9858,eledebtrain030.dat,eledebtrain030
2985.0,42330.71,0.024388,6.6342,225.0639,249.1039,324.0713,eledebtrain030.dat,eledebtrain030
3675.0,42270.82,0.057648,5.7653,359.2221,269.2227,333.157,eledebtrain030.dat,eledebtrain030
4745.0,42260.2,0.0790547,4.9246,22.1548,263.5176,342.9459,eledebtrain030.dat,eledebtrain030
4995.0,42230.45,0.0754082,4.8556,352.6166,216.2876,341.751,eledebtrain030.dat,eledebtrain030
5765.0,42268.12,0.0862798,4.5331,89.5764,237.8551,347.5323,eledebtrain030.dat,eledebtrain030
6445.0,42196.38,0.0600168,4.2605,247.1906,217.2991,354.7525,eledebtrain030.dat,eledebtrain030
6975.0,42207.18,0.0828924,4.0738,23.2342,276.847,6.6082,eledebtrain030.dat,eledebtrain030
-2735.0,42332.14,0.0896907,38.1479,262.9554,23.3353,13.2981,eledebtrain031.dat,eledebtrain031
6655.0,42336.04,0.4223474,8.5025,170.4751,251.8018,155.2309,eledebtrain031.dat,eledebtrain031
-3175.0,42215.06,0.0251088,8.8091,277.9705,14.2875,26.8548,eledebtrain032.dat,eledebtrain032
-995.0,42169.31,0.0216216,10.8533,297.547,42.4246,11.3279,eledebtrain032.dat,eledebtrain032
1395.0,42199.14,0.0190847,10.6507,168.5024,180.8676,357.0271,eledebtrain032.dat,eledebtrain032
4185.0,42226.8,0.0164724,9.828,153.5405,137.7915,352.5414,eledebtrain032.dat,eledebtrain032
-785.0,42240.31,0.3371312,33.3459,292.5938,306.7645,341.2263,eledebtrain033.dat,eledebtrain033
615.0,42300.04,0.2387326,9.6156,176.1176,317.3889,283.456,eledebtrain033.dat,eledebtrain033
805.0,42273.75,0.5355153,2.0373,331.6684,129.4347,190.0471,eledebtrain033.dat,eledebtrain033
1755.0,42292.07,0.5419582,18.9455,196.3802,186.559,59.7303,eledebtrain033.dat,eledebtrain033
2125.0,42247.12,0.5706301,28.0972,328.6987,194.8245,46.449,eledebtrain033.dat,eledebtrain033
2475.0,42321.69,0.5643082,33.6311,119.2058,195.9914,32.8014,eledebtrain033.dat,eledebtrain033
4335.0,42208.86,0.5506726,26.691,15.6748,247.7507,310.2131,eledebtrain033.dat,eledebtrain033
5415.0,42254.61,0.4987157,6.0455,84.6629,323.7193,214.6016,eledebtrain033.dat,eledebtrain033
7215.0,42271.54,0.4402291,34.0961,83.5006,117.1869,26.5733,eledebtrain033.dat,eledebtrain033
-2905.0,42183.17,0.5457049,37.9321,10.3345,342.2996,339.3475,eledebtrain034.dat,eledebtrain034
85.0,42275.13,0.3804998,22.3684,218.8454,252.6331,63.9806,eledebtrain034.dat,eledebtrain034
1045.0,42294.26,0.5643646,37.6304,134.858,211.7111,27.8966,eledebtrain034.dat,eledebtrain034
1305.0,42264.53,0.3585463,37.3569,141.9707,169.8381,15.8577,eledebtrain034.dat,eledebtrain034
1535.0,42256.63,0.2523424,37.8723,343.2355,277.4229,5.1176,eledebtrain034.dat,eledebtrain034
2785.0,42254.75,0.5450166,31.515,235.7882,202.3671,320.9632,eledebtrain034.dat,eledebtrain034
2965.0,42195.3,0.1826955,27.0791,115.5701,288.0546,310.8323,eledebtrain034.dat,eledebtrain034
4515.0,42262.74,0.4016313,4.1155,19.0631,1.9529,101.7868,eledebtrain034.dat,eledebtrain034
4755.0,42285.49,0.1879192,10.364,224.9677,131.87,78.1691,eledebtrain034.dat,eledebtrain034
5075.0,42289.41,0.3605616,16.9952,186.8749,123.4355,66.1511,eledebtrain034.dat,eledebtrain034
5535.0,42230.69,0.1723157,24.7648,245.1989,12.8344,48.6463,eledebtrain034.dat,eledebtrain034
6185.0,42249.49,0.1594657,33.7317,7.1718,153.7785,23.5241,eledebtrain034.dat,eledebtrain034
6425.0,42208.2,0.5522337,35.2732,18.9023,101.4396,15.8938,eledebtrain034.dat,eledebtrain034
6665.0,42265.51,0.4368058,36.4689,46.9861,46.1444,9.7743,eledebtrain034.dat,eledebtrain034
905.0,42184.45,0.108964,15.7736,14.6662,44.2135,347.3257,eledebtrain035.dat,eledebtrain035
1185.0,42299.4,0.122052,15.9236,319.7352,34.5204,344.8532,eledebtrain035.dat,eledebtrain035
1545.0,42294.19,0.1243805,15.3058,222.9908,41.1788,341.3439,eledebtrain035.dat,eledebtrain035
2145.0,42198.64,0.0721482,14.5202,68.2816,60.0103,331.5002,eledebtrain035.dat,eledebtrain035
2565.0,42322.44,0.0884922,13.9102,326.2394,58.5453,325.9567,eledebtrain035.dat,eledebtrain035
2755.0,42261.53,0.1125762,13.8112,247.7502,92.236,335.6062,eledebtrain035.dat,eledebtrain035
3225.0,42177.93,0.0758255,13.1378,134.6019,98.0129,329.2015,eledebtrain035.dat,eledebtrain035
4005.0,42201.22,0.0742936,11.9506,302.9531,108.9689,316.561,eledebtrain035.dat,eledebtrain035
4525.0,42308.19,0.1270837,11.3246,168.3966,121.0079,310.4806,eledebtrain035.dat,eledebtrain035
4705.0,42281.98,0.0811376,10.9139,106.7662,138.1228,309.308,eledebtrain035.dat,eledebtrain035
4945.0,42191.91,0.126262,10.739,48.9165,140.1619,312.0015,eledebtrain035.dat,eledebtrain035
5645.0,42281.21,0.1313659,9.3054,232.9996,151.4996,302.0416,eledebtrain035.dat,eledebtrain035
6735.0,42257.34,0.1221514,6.904,323.1767,181.3553,286.873,eledebtrain035.dat,eledebtrain035
1405.0,42165.5,0.2534547,14.5898,33.6724,201.489,354.9705,eledebtrain036.dat,eledebtrain036
1725.0,42197.7,0.2780881,14.5261,58.0967,188.2039,352.0956,eledebtrain036.dat,eledebtrain036
2335.0,42201.69,0.13936,13.9543,111.4765,142.2945,351.8104,eledebtrain036.dat,eledebtrain036
3035.0,42227.34,0.0553529,13.1766,116.4775,147.6888,344.9593,eledebtrain036.dat,eledebtrain036
3345.0,42211.65,0.095122,13.0257,2.2384,264.071,352.0498,eledebtrain036.dat,eledebtrain036
5095.0,42265.44,0.2640716,11.3853,42.3418,250.6597,348.1762,eledebtrain036.dat,eledebtrain036
5515.0,42256.27,0.1968896,11.2778,22.1053,270.0666,348.3085,eledebtrain036.dat,eledebtrain036
5905.0,42191.68,0.1552644,10.7935,16.1026,280.9613,349.9149,eledebtrain036.dat,eledebtrain036
6385.0,42283.05,0.1075367,10.2389,120.9141,184.1539,347.8402,eledebtrain036.dat,eledebtrain036
2435.0,42172.47,0.2176826,21.8901,35.8431,162.372,346.3499,eledebtrain037.dat,eledebtrain037
2905.0,42255.08,0.1019267,20.8312,324.9946,211.5678,336.9803,eledebtrain037.dat,eledebtrain037
3135.0,42270.74,0.2216196,20.6035,5.8711,159.8095,330.2424,eledebtrain037.dat,eledebtrain037
3445.0,42259.0,0.1899944,20.0996,11.1406,140.366,334.4736,eledebtrain037.dat,eledebtrain037
5065.0,42308.55,0.1825502,15.2642,203.6739,239.7401,308.3181,eledebtrain037.dat,eledebtrain037
-2825.0,42252.27,0.1384251,19.7224,90.5543,320.8842,31.7903,eledebtrain038.dat,eledebtrain038
-2105.0,42183.98,0.1534436,21.4989,124.7315,325.6657,22.2646,eledebtrain038.dat,eledebtrain038
2335.0,42260.62,0.137923,17.8535,236.8312,73.7574,327.1425,eledebtrain038.dat,eledebtrain038
1665.0,42235.71,0.7422495,15.1046,236.8067,155.1405,338.7154,eledebtrain039.dat,eledebtrain039
2195.0,42252.38,0.1686435,12.2204,217.7952,185.9638,9.9724,eledebtrain039.dat,eledebtrain039
6315.0,42181.87,0.5393344,25.8912,355.404,339.9365,356.821,eledebtrain039.dat,eledebtrain039
6715.0,42147.95,0.2282053,22.4212,46.9896,354.6776,344.4215,eledebtrain039.dat,eledebtrain039
3975.0,42240.34,0.4753839,9.2717,118.6482,330.2604,260.0575,eledebtrain040.dat,eledebtrain040
-4535.0,42280.46,0.0730591,1.2146,7.061,138.4259,20.6109,eledebtrain041.dat,eledebtrain041
-3315.0,42322.85,0.0852176,4.0695,52.5779,180.4093,56.6152,eledebtrain041.dat,eledebtrain041
-2305.0,42298.6,0.0767902,6.6949,243.2592,148.5179,51.5184,eledebtrain041.dat,eledebtrain041
-2015.0,42219.79,0.0306187,7.466,221.3274,121.2645,49.7437,eledebtrain041.dat,eledebtrain041
-1785.0,42308.91,0.0687031,7.7396,66.2056,230.5769,48.1519,eledebtrain041.dat,eledebtrain041
-1555.0,42307.17,0.0810114,8.3108,83.2999,170.3469,44.762,eledebtrain041.dat,eledebtrain041
-495.0,42210.75,0.0532005,10.0927,240.8328,171.9575,36.6416,eledebtrain041.dat,eledebtrain041
1425.0,42186.37,0.0842867,12.1474,156.6649,244.5374,24.354,eledebtrain041.dat,eledebtrain041
1785.0,42186.93,0.0784053,12.5122,85.0063,247.5583,22.0521,eledebtrain041.dat,eledebtrain041
3745.0,42287.99,0.0849543,14.7087,331.2002,342.8636,8.2362,eledebtrain041.dat,eledebtrain041
4485.0,42225.03,0.0869922,14.9389,165.5827,3.5983,1.709,eledebtrain041.dat,eledebtrain041
4815.0,42219.64,0.0898326,15.2261,114.5915,346.9614,358.8036,eledebtrain041.dat,eledebtrain041
5855.0,42198.64,0.0697398,14.9775,281.8121,347.6144,350.9652,eledebtrain041.dat,eledebtrain041
6815.0,42211.22,0.0393518,14.1776,335.5377,112.534,341.4745,eledebtrain041.dat,eledebtrain041
-3625.0,42210.64,0.036901,10.1089,228.9741,87.625,73.0098,eledebtrain042.dat,eledebtrain042
-3085.0,42336.55,0.0461596,11.1072,149.2621,95.13,63.9583,eledebtrain042.dat,eledebtrain042
-485.0,42245.61,0.0497628,15.4765,81.283,174.4583,28.983,eledebtrain042.dat,eledebtrain042
1055.0,42208.57,0.051327,16.3795,179.8279,226.6541,13.2449,eledebtrain042.dat,eledebtrain042
2095.0,42298.04,0.0473931,16.92,14.2039,240.597,3.5392,eledebtrain042.dat,eledebtrain042
4195.0,42275.78,0.0395761,16.5027,12.695,311.7654,338.4703,eledebtrain042.dat,eledebtrain042
5275.0,42185.99,0.0399167,15.8972,192.9766,340.273,332.0872,eledebtrain042.dat,eledebtrain042
6775.0,42261.79,0.0399028,14.009,307.1629,29.2758,309.0562,eledebtrain042.dat,eledebtrain042
-985.0,42310.72,0.1425325,13.2897,30.885,18.3037,10.2099,eledebtrain043.dat,eledebtrain043
2145.0,42272.49,0.0313448,12.0377,140.1913,143.9784,345.6709,eledebtrain043.dat,eledebtrain043
6745.0,42291.28,0.123293,8.1802,134.9271,152.0663,334.0898,eledebtrain043.dat,eledebtrain043
2795.0,42235.83,0.2335262,8.4205,92.7941,170.9536,300.1863,eledebtrain044.dat,eledebtrain044
1945.0,42289.28,0.0259351,22.0304,309.2653,155.2218,353.3977,eledebtrain045.dat,eledebtrain045
-4535.0,42332.13,0.3051247,42.36,260.5559,82.5417,344.961,eledebtrain046.dat,eledebtrain046
-3085.0,42243.34,0.1087701,22.1729,68.5669,121.0934,283.482,eledebtrain046.dat,eledebtrain046
-2205.0,42311.64,0.527784,6.1309,151.1028,97.7226,183.7361,eledebtrain046.dat,eledebtrain046
5625.0,42332.29,0.5226224,41.0579,241.0922,60.7705,357.4189,eledebtrain046.dat,eledebtrain046
6675.0,42303.44,0.5229143,31.4859,60.3894,58.1361,314.4616,eledebtrain046.dat,eledebtrain046
-4995.0,42293.14,0.0646868,9.1825,350.5512,101.3917,126.5819,eledebtrain047.dat,eledebtrain047
-4425.0,42195.58,0.0743924,10.4668,270.1672,125.8681,115.3747,eledebtrain047.dat,eledebtrain047
-3455.0,42265.68,0.0682053,12.7038,142.5056,153.8841,93.7504,eledebtrain047.dat,eledebtrain047
-1045.0,42211.47,0.0668762,18.2248,136.4394,238.0061,50.6567,eledebtrain047.dat,eledebtrain047
-865.0,42232.17,0.0610277,18.2793,117.1664,233.9168,49.5846,eledebtrain047.dat,eledebtrain047
1075.0,42311.85,0.0665158,20.9006,177.7668,292.0379,23.7444,eledebtrain047.dat,eledebtrain047
5945.0,42184.5,0.0703005,20.7682,147.9993,73.8761,323.84,eledebtrain047.dat,eledebtrain047
-1845.0,42335.16,0.0274727,15.4432,177.9312,137.0266,29.086,eledebtrain048.dat,eledebtrain048
-1285.0,42206.27,0.0367477,15.9694,116.9737,123.3431,22.9084,eledebtrain048.dat,eledebtrain048
-755.0,42228.83,0.0334949,16.3387,349.8462,171.3877,16.3791,eledebtrain048.dat,eledebtrain048
895.0,42205.54,0.0275677,16.2328,108.4899,179.4173,361.0501,eledebtrain048.dat,eledebtrain048
1835.0,42201.2,0.0342247,16.105,279.6144,244.0292,355.458,eledebtrain048.dat,eledebtrain048
2975.0,42317.77,0.0311443,15.1799,83.2255,270.7222,344.7247,eledebtrain048.dat,eledebtrain048
4085.0,42207.15,0.0326945,14.2951,260.7324,304.6138,326.1856,eledebtrain048.dat,eledebtrain048
5005.0,42195.46,0.0309489,13.2754,140.9409,290.9549,322.6892,eledebtrain048.dat,eledebtrain048
5185.0,42248.99,0.0349647,13.0605,76.596,326.2463,313.3354,eledebtrain048.dat,eledebtrain048
6045.0,42181.46,0.0227119,11.7765,315.1849,334.4878,305.3885,eledebtrain048.dat,eledebtrain048
6335.0,42190.43,0.0302784,11.2107,250.5049,4.9325,299.8721,eledebtrain048.dat,eledebtrain048
6855.0,42209.41,0.0313514,9.9615,194.45,354.4808,299.9922,eledebtrain048.dat,eledebtrain048
-1235.0,42211.51,0.0221327,10.6843,336.5493,142.6342,13.4478,eledebtrain049.dat,eledebtrain049
-695.0,42201.56,0.0108408,11.0918,239.324,179.7336,9.097,eledebtrain049.dat,eledebtrain049
-125.0,42192.47,0.0218681,11.0884,181.6662,166.6771,4.7575,eledebtrain049.dat,eledebtrain049
805.0,42244.47,0.0093855,10.8824,24.4297,219.0415,356.2191,eledebtrain049.dat,eledebtrain049
2305.0,42314.12,0.0095277,10.0489,178.4988,245.5847,350.4763,eledebtrain049.dat,eledebtrain049
2935.0,42227.35,0.0210021,9.7348,81.4771,259.0085,356.9787,eledebtrain049.dat,eledebtrain049
3245.0,42181.6,0.0232743,9.9611,57.2367,257.4637,353.1307,eledebtrain049.dat,eledebtrain049
3675.0,42310.52,0.0218423,9.7565,335.228,274.34,346.5247,eledebtrain049.dat,eledebtrain049
4135.0,42252.48,0.0120119,9.7007,264.9111,301.1615,353.9774,eledebtrain049.dat,eledebtrain049
4695.0,42237.33,0.0211896,9.4392,225.5147,268.6023,338.4288,eledebtrain049.dat,eledebtrain049
5235.0,42241.19,0.0134786,9.2807,109.9845,322.595,337.971,eledebtrain049.dat,eledebtrain049
6475.0,42288.01,0.014111,8.1839,346.9741,304.6352,330.2943,eledebtrain049.dat,eledebtrain049
6765.0,42214.37,0.0102393,7.8008,265.2726,346.6436,331.3642,eledebtrain049.dat,eledebtrain049
7135.0,42277.89,0.0105073,7.4646,207.4325,363.37,334.5526,eledebtrain049.dat,eledebtrain049
75.0,42267.99,0.108381,13.0968,70.0097,294.5299,12.3242,eledebtrain050.dat,eledebtrain050
785.0,42277.73,0.1222064,13.1133,13.0793,303.5309,7.125,eledebtrain050.dat,eledebtrain050
1575.0,42184.27,0.099809,13.0263,287.2138,336.5828,1.5246,eledebtrain050.dat,eledebtrain050
825.0,42203.59,0.2664774,16.8778,195.8284,92.2867,350.071,eledebtrain051.dat,eledebtrain051
2215.0,42266.77,0.0288739,15.1559,100.5578,88.1178,5.8082,eledebtrain051.dat,eledebtrain051
3905.0,42150.18,0.4573511,20.5046,46.8088,124.0828,5.676,eledebtrain051.dat,eledebtrain051
4285.0,42236.19,0.3902296,20.9355,112.9239,131.7773,0.7921,eledebtrain051.dat,eledebtrain051
4855.0,42173.78,0.5006927,20.4925,316.5761,63.0949,350.1065,eledebtrain051.dat,eledebtrain051
5115.0,42231.73,0.1271496,20.2151,59.666,16.5283,350.8058,eledebtrain051.dat,eledebtrain051
5305.0,42200.85,0.5270577,19.3932,6.62,101.679,346.1642,eledebtrain051.dat,eledebtrain051
5575.0,42235.3,0.500008,17.8771,112.6224,60.3862,342.8969,eledebtrain051.dat,eledebtrain051
6375.0,42248.43,0.5377622,14.0683,248.6374,86.7433,342.6903,eledebtrain051.dat,eledebtrain051
6975.0,42232.82,0.3852832,11.5247,87.6107,10.11,357.1273,eledebtrain051.dat,eledebtrain051
-1075.0,42330.61,0.0148897,16.4955,77.513,170.8244,17.6219,eledebtrain052.dat,eledebtrain052
705.0,42287.06,0.0634957,16.4757,0.2011,207.6327,352.068,eledebtrain052.dat,eledebtrain052
2485.0,42301.4,0.0847187,15.2775,306.4242,217.7499,340.6877,eledebtrain052.dat,eledebtrain052
3055.0,42248.95,0.017602,14.4066,217.5345,180.241,332.694,eledebtrain052.dat,eledebtrain052
3635.0,42206.49,0.0804179,13.918,2.3442,261.6821,338.6918,eledebtrain052.dat,eledebtrain052
5535.0,42255.8,0.0673481,11.6672,232.3088,335.7946,318.2452,eledebtrain052.dat,eledebtrain052
6945.0,42203.8,0.0899501,8.897,275.8942,342.6346,300.2508,eledebtrain052.dat,eledebtrain052
625.0,42251.88,0.049539,5.7996,354.5663,312.6487,4.5163,eledebtrain053.dat,eledebtrain053
1065.0,42185.81,0.0770013,5.7641,270.2984,312.7373,7.4902,eledebtrain053.dat,eledebtrain053
3525.0,42242.75,0.0629478,7.7133,104.9541,29.4403,20.2614,eledebtrain053.dat,eledebtrain053
3815.0,42282.76,0.0962388,7.957,54.3906,27.4237,20.0348,eledebtrain053.dat,eledebtrain053
6185.0,42237.3,0.047836,10.1423,311.7776,70.4338,7.3436,eledebtrain053.dat,eledebtrain053
6705.0,42270.3,0.1008387,10.2277,223.4198,73.2779,3.9948,eledebtrain053.dat,eledebtrain053
1655.0,42176.99,0.0443456,10.9427,203.8127,55.1863,8.2019,eledebtrain054.dat,eledebtrain054
2005.0,42195.25,0.0554341,10.8294,192.6985,48.9265,7.1699,eledebtrain054.dat,eledebtrain054
2355.0,42176.33,0.0653289,10.7967,174.9293,44.0142,5.9623,eledebtrain054.dat,eledebtrain054
2665.0,42302.12,0.0816727,10.851,182.6684,16.8302,5.0932,eledebtrain054.dat,eledebtrain054
2845.0,42188.31,0.0097081,11.2687,316.7066,226.699,4.5599,eledebtrain054.dat,eledebtrain054
3035.0,42282.86,0.0810127,11.3575,153.0308,24.208,3.7487,eledebtrain054.dat,eledebtrain054
3215.0,42166.82,0.0091122,11.4147,302.4784,230.1762,3.1504,eledebtrain054.dat,eledebtrain054
4335.0,42329.34,0.0102349,11.7939,186.7066,270.4233,356.4693,eledebtrain054.dat,eledebtrain054
4535.0,42186.2,0.0815674,11.7982,23.3827,63.2499,360.1671,eledebtrain054.dat,eledebtrain054
4765.0,42209.22,0.0468924,11.7589,85.3817,354.0737,353.4294,eledebtrain054.dat,eledebtrain054
6435.0,42282.85,0.0728525,11.205,211.7141,129.3212,337.0694,eledebtrain054.dat,eledebtrain054
6715.0,42316.63,0.0818388,10.8637,233.8174,90.1856,337.574,eledebtrain054.dat,eledebtrain054
7145.0,42212.8,0.0805417,10.2888,167.9651,132.4382,337.6009,eledebtrain054.dat,eledebtrain054
-1345.0,42244.18,0.0714331,9.651,272.988,237.3803,23.0505,eledebtrain055.dat,eledebtrain055
1005.0,42218.71,0.069459,10.5457,278.3818,296.1265,8.7898,eledebtrain055.dat,eledebtrain055
1785.0,42270.84,0.0723464,10.3808,158.4286,307.6842,5.6802,eledebtrain055.dat,eledebtrain055
2275.0,42240.05,0.0718942,10.6369,81.7501,328.0233,3.8885,eledebtrain055.dat,eledebtrain055
3035.0,42173.17,0.0705552,10.6942,322.7889,340.9211,1.0065,eledebtrain055.dat,eledebtrain055
4085.0,42174.61,0.0735398,11.1168,171.6977,6.3258,350.1157,eledebtrain055.dat,eledebtrain055
5145.0,42336.19,0.0710823,11.1558,10.5668,31.4998,345.6844,eledebtrain055.dat,eledebtrain055
6345.0,42330.44,0.0740163,10.4285,185.2264,69.2375,342.6056,eledebtrain055.dat,eledebtrain055
6755.0,42249.36,0.0723011,9.6852,120.7043,79.8857,330.8612,eledebtrain055.dat,eledebtrain055
-1165.0,42204.36,0.0705994,12.1918,50.9491,99.1344,31.5971,eledebtrain056.dat,eledebtrain056
-1085.0,42251.32,0.1614133,17.5742,164.2034,264.6088,15.1001,eledebtrain057.dat,eledebtrain057
-505.0,42221.08,0.0592859,18.1486,178.1722,238.9964,8.0597,eledebtrain057.dat,eledebtrain057
-275.0,42180.93,0.1264089,18.219,95.1824,314.3863,5.5986,eledebtrain057.dat,eledebtrain057
235.0,42237.59,0.0560084,18.1548,136.1577,263.987,357.6536,eledebtrain057.dat,eledebtrain057
995.0,42300.08,0.0746954,17.4529,97.8938,280.2606,346.2,eledebtrain057.dat,eledebtrain057
1965.0,42225.47,0.1181417,16.1312,339.5983,16.1282,346.4499,eledebtrain057.dat,eledebtrain057
3035.0,42320.41,0.1483495,14.8012,303.7873,27.6869,336.9571,eledebtrain057.dat,eledebtrain057
3855.0,42282.08,0.0853243,13.8632,236.3469,68.7886,324.6114,eledebtrain057.dat,eledebtrain057
-315.0,42132.63,0.6077153,24.6339,353.9691,337.4123,346.0257,eledebtrain058.dat,eledebtrain058
75.0,42201.56,0.5615077,20.1671,94.0929,349.7785,338.3691,eledebtrain058.dat,eledebtrain058
1325.0,42166.78,0.2767399,9.2082,285.0388,210.2781,2.7916,eledebtrain058.dat,eledebtrain058
3025.0,42173.04,0.1172947,26.708,56.3575,288.6665,9.5847,eledebtrain058.dat,eledebtrain058
6525.0,42254.64,0.4096901,17.876,240.7511,146.2387,33.9792,eledebtrain058.dat,eledebtrain058
7085.0,42235.62,0.5624323,24.8529,174.3736,66.1814,26.6668,eledebtrain058.dat,eledebtrain058
-355.0,42186.86,0.0673907,15.6866,265.3744,236.2578,24.0113,eledebtrain059.dat,eledebtrain059
2045.0,42296.2,0.0440456,16.7351,134.8504,186.4535,1.5872,eledebtrain059.dat,eledebtrain059
2435.0,42298.97,0.05482,16.7298,85.9577,205.0573,354.9837,eledebtrain059.dat,eledebtrain059
2965.0,42278.74,0.0754108,16.2735,307.759,304.3151,360.0829,eledebtrain059.dat,eledebtrain059
4515.0,42269.55,0.0444642,15.6802,108.3481,21.2286,334.6741,eledebtrain059.dat,eledebtrain059
5275.0,42263.47,0.034855,15.0264,22.2116,52.4018,326.6939,eledebtrain059.dat,eledebtrain059
5715.0,42256.22,0.0143065,14.7168,168.0268,227.094,330.5347,eledebtrain059.dat,eledebtrain059
5915.0,42304.31,0.0805272,14.2563,17.0605,9.854,327.7097,eledebtrain059.dat,eledebtrain059
6265.0,42233.39,0.08578,13.5812,347.9575,8.0232,324.797,eledebtrain059.dat,eledebtrain059
6455.0,42218.24,0.0121838,13.2443,104.0885,244.8031,316.5279,eledebtrain059.dat,eledebtrain059
7175.0,42288.65,0.0098995,11.6574,133.8238,162.0561,304.5503,eledebtrain059.dat,eledebtrain059
-4735.0,42290.79,0.0541726,2.584,175.0221,13.0343,207.5918,eledebtrain060.dat,eledebtrain060
-3025.0,42322.99,0.0617977,4.2972,242.4887,137.4534,106.9935,eledebtrain060.dat,eledebtrain060
-1155.0,42213.78,0.0615947,8.5628,266.5496,200.7061,67.1235,eledebtrain060.dat,eledebtrain060
-675.0,42236.21,0.0589253,9.2655,176.1498,226.7771,60.4852,eledebtrain060.dat,eledebtrain060
665.0,42239.29,0.0561498,11.7802,304.5098,253.849,47.3632,eledebtrain060.dat,eledebtrain060
1195.0,42211.69,0.0565931,12.5838,193.5129,283.9566,41.9431,eledebtrain060.dat,eledebtrain060
3215.0,42234.88,0.0514756,15.428,193.7209,331.5292,24.2394,eledebtrain060.dat,eledebtrain060
6485.0,42335.07,0.0529163,16.9654,311.4472,69.6003,352.2237,eledebtrain060.dat,eledebtrain060
7215.0,42238.72,0.0529036,16.0243,173.1846,89.2392,339.8158,eledebtrain060.dat,eledebtrain060
-3975.0,42329.16,0.1145004,7.2868,248.7749,255.4914,83.0428,eledebtrain061.dat,eledebtrain061
-3715.0,42279.29,0.0417112,8.2198,252.0327,188.4495,76.3975,eledebtrain061.dat,eledebtrain061
-2915.0,42283.08,0.088532,10.9166,335.9691,259.2825,65.5869,eledebtrain061.dat,eledebtrain061
-2345.0,42260.0,0.0821419,12.9723,55.8682,31.4905,55.9345,eledebtrain061.dat,eledebtrain061
-1405.0,42322.4,0.1099734,15.522,242.6161,326.3742,42.74,eledebtrain061.dat,eledebtrain061
-1225.0,42241.88,0.0737127,15.6774,83.7878,69.1199,40.5957,eledebtrain061.dat,eledebtrain061
15.0,42217.58,0.0616796,17.9984,226.1804,322.9488,25.5008,eledebtrain061.dat,eledebtrain061
425.0,42226.56,0.09614,18.591,82.7654,356.8515,21.187,eledebtrain061.dat,eledebtrain061
1455.0,42318.48,0.0237987,19.3402,225.0644,291.2239,10.5185,eledebtrain061.dat,eledebtrain061
1935.0,42197.67,0.1130039,19.2464,344.236,48.4,5.7175,eledebtrain061.dat,eledebtrain061
2675.0,42268.12,0.1114048,19.6121,130.4512,66.301,354.095,eledebtrain061.dat,eledebtrain061
3885.0,42247.68,0.1249977,19.086,80.8752,148.2224,349.7091,eledebtrain061.dat,eledebtrain061
4465.0,42314.61,0.0626877,18.8893,5.9193,67.0872,340.3121,eledebtrain061.dat,eledebtrain061
6475.0,42239.5,0.1259519,15.1976,48.3833,215.3941,314.7645,eledebtrain061.dat,eledebtrain061
-145.0,42321.21,0.0839191,13.8511,257.2198,173.9596,51.5321,eledebtrain062.dat,eledebtrain062
265.0,42202.46,0.0974561,14.6971,182.575,186.7971,46.4995,eledebtrain062.dat,eledebtrain062
725.0,42244.12,0.1075577,15.622,88.1145,219.4319,40.8784,eledebtrain062.dat,eledebtrain062
1295.0,42332.76,0.0654448,16.2134,7.2318,212.4116,34.5644,eledebtrain062.dat,eledebtrain062
2765.0,42284.46,0.0596248,18.1975,108.5566,253.7963,19.9334,eledebtrain062.dat,eledebtrain062
3985.0,42215.78,0.0950721,19.3157,263.0493,292.2823,6.9831,eledebtrain062.dat,eledebtrain062
4195.0,42228.76,0.0630238,19.4997,203.0191,315.1417,4.5971,eledebtrain062.dat,eledebtrain062
4465.0,42226.28,0.0987803,19.6002,159.2106,330.3924,1.4079,eledebtrain062.dat,eledebtrain062
5685.0,42294.43,0.0628004,19.7212,300.7624,1.1594,352.6486,eledebtrain062.dat,eledebtrain062
1325.0,42223.77,0.0590073,14.9484,183.5921,319.7594,38.6072,eledebtrain063.dat,eledebtrain063
1705.0,42184.49,0.0583347,15.4728,91.9983,327.7182,35.2984,eledebtrain063.dat,eledebtrain063
2255.0,42310.65,0.1077542,16.0334,331.7813,334.4467,30.5105,eledebtrain063.dat,eledebtrain063
2515.0,42280.13,0.0670476,16.4938,269.4801,333.0742,27.4805,eledebtrain063.dat,eledebtrain063
2955.0,42321.5,0.0963055,17.0564,161.6716,346.851,22.7483,eledebtrain063.dat,eledebtrain063
4185.0,42299.73,0.1046398,18.3784,190.6325,41.7314,9.6075,eledebtrain063.dat,eledebtrain063
4465.0,42262.43,0.1057123,18.7305,140.7775,30.3846,6.3809,eledebtrain063.dat,eledebtrain063
5065.0,42335.19,0.0588926,19.4118,335.2228,59.1488,365.907,eledebtrain063.dat,eledebtrain063
6665.0,42330.57,0.0936476,18.2696,319.8276,89.9295,341.8078,eledebtrain063.dat,eledebtrain063
7225.0,42227.15,0.0803177,17.7048,144.6981,137.2666,327.6571,eledebtrain063.dat,eledebtrain063
495.0,42213.82,0.5260796,31.6212,74.5144,27.8436,16.6122,eledebtrain064.dat,eledebtrain064
1155.0,42193.65,0.4924606,32.7283,0.3403,8.8382,357.8339,eledebtrain064.dat,eledebtrain064
1365.0,42258.32,0.1223508,30.8292,258.4354,76.3087,351.2546,eledebtrain064.dat,eledebtrain064
1855.0,42212.2,0.4460187,29.8519,259.0467,6.9585,337.916,eledebtrain064.dat,eledebtrain064
2075.0,42209.08,0.1618899,27.3649,132.3039,90.3629,335.718,eledebtrain064.dat,eledebtrain064
3095.0,42260.15,0.3845495,17.2491,344.4108,93.2825,303.9307,eledebtrain064.dat,eledebtrain064
4145.0,42255.29,0.4683039,3.7381,201.1883,97.2373,282.0241,eledebtrain064.dat,eledebtrain064
4905.0,42187.71,0.4129564,7.5754,76.8374,333.2579,56.5444,eledebtrain064.dat,eledebtrain064
5275.0,42238.17,0.3935376,12.6195,17.1394,337.9089,52.9121,eledebtrain064.dat,eledebtrain064
5565.0,42229.46,0.5197334,14.6847,4.935,309.5543,53.8862,eledebtrain064.dat,eledebtrain064
6295.0,42297.73,0.5205221,22.651,248.8925,320.5608,33.7452,eledebtrain064.dat,eledebtrain064
6755.0,42271.38,0.2806882,26.6664,134.8815,7.386,21.7196,eledebtrain064.dat,eledebtrain064
-3055.0,42194.58,0.095774,16.4239,65.6185,224.7495,35.9428,eledebtrain065.dat,eledebtrain065
-1085.0,42291.59,0.1759234,19.5678,262.5468,294.742,11.2169,eledebtrain065.dat,eledebtrain065
1975.0,42193.32,0.1504188,16.7844,8.4244,46.7757,336.8677,eledebtrain065.dat,eledebtrain065
2535.0,42295.23,0.1059752,15.9966,15.5394,14.9787,324.5855,eledebtrain065.dat,eledebtrain065
3715.0,42229.4,0.1571741,14.1571,281.6511,57.9622,322.7806,eledebtrain065.dat,eledebtrain065
4645.0,42310.43,0.10196,12.0228,161.4735,127.4922,308.4136,eledebtrain065.dat,eledebtrain065
7275.0,42188.36,0.08182,5.1736,347.1491,203.9633,271.0192,eledebtrain065.dat,eledebtrain065
-395.0,41933.4,0.121137,38.1876,111.3887,113.2266,20.2105,eledebtrain066.dat,eledebtrain066
215.0,41978.29,0.4734364,33.9276,169.0553,113.847,307.1282,eledebtrain066.dat,eledebtrain066
1605.0,41999.08,0.0394794,42.1898,316.2672,269.6787,9.3711,eledebtrain066.dat,eledebtrain066
1805.0,41841.55,0.8067565,43.3838,25.7381,248.6339,347.5662,eledebtrain066.dat,eledebtrain066
4295.0,41834.69,0.3561831,31.2623,272.1331,312.1291,297.0516,eledebtrain066.dat,eledebtrain066
5995.0,41799.4,0.6748596,44.6073,335.0805,129.0793,335.0185,eledebtrain066.dat,eledebtrain066
6195.0,41799.94,0.2474713,32.4152,39.8285,227.6753,314.4423,eledebtrain066.dat,eledebtrain066
7155.0,41891.89,0.5238692,32.2366,173.1042,15.6899,68.6234,eledebtrain066.dat,eledebtrain066
-1375.0,42256.85,0.0279392,11.4619,136.4933,52.0771,312.4107,eledebtrain067.dat,eledebtrain067
-685.0,42279.85,0.0725575,11.8821,249.1027,216.0863,47.5033,eledebtrain067.dat,eledebtrain067
-125.0,42163.63,0.6482304,24.4297,28.1096,107.013,41.0948,eledebtrain067.dat,eledebtrain067
955.0,42212.67,0.5614934,32.6038,102.3126,123.0735,342.8066,eledebtrain067.dat,eledebtrain067
6015.0,42210.31,0.4259406,8.4394,242.7788,85.9592,54.153,eledebtrain067.dat,eledebtrain067
1345.0,42264.15,0.2087835,18.0012,200.1801,149.3934,9.3202,eledebtrain068.dat,eledebtrain068
2175.0,42348.49,0.1459997,18.2789,258.8792,195.7104,1.0331,eledebtrain068.dat,eledebtrain068
2585.0,42307.12,0.0990369,18.2043,120.7937,207.1966,353.6628,eledebtrain068.dat,eledebtrain068
4245.0,42263.31,0.1870975,17.4776,334.5168,197.8431,344.3206,eledebtrain068.dat,eledebtrain068
4545.0,42260.72,0.116309,17.4833,250.6624,191.3938,338.8732,eledebtrain068.dat,eledebtrain068
5785.0,42312.71,0.2114615,15.3762,166.1393,255.3184,320.848,eledebtrain068.dat,eledebtrain068
6445.0,42227.13,0.1599699,14.2553,329.8903,256.8146,311.4875,eledebtrain068.dat,eledebtrain068
6915.0,42272.0,0.2108272,13.0892,143.9265,299.2119,307.1908,eledebtrain068.dat,eledebtrain068
-3055.0,42246.8,0.1292462,8.9916,292.5975,133.268,37.6437,eledebtrain069.dat,eledebtrain069
-1775.0,42215.94,0.0687765,11.686,306.9784,220.0972,26.8112,eledebtrain069.dat,eledebtrain069
1915.0,42164.89,0.1008123,15.8282,54.9366,316.9462,5.7368,eledebtrain070.dat,eledebtrain070
3055.0,42207.34,0.0681437,16.2439,316.1376,0.2969,358.8302,eledebtrain070.dat,eledebtrain070
3505.0,42223.18,0.0353416,16.1682,102.6133,197.1567,351.9659,eledebtrain070.dat,eledebtrain070
3725.0,42278.63,0.1403687,15.9214,315.2637,333.5547,356.3655,eledebtrain070.dat,eledebtrain070
3915.0,42245.85,0.0800483,16.095,43.076,238.2255,349.6117,eledebtrain070.dat,eledebtrain070
5235.0,42302.19,0.1145369,14.9017,193.7661,23.1576,343.3314,eledebtrain070.dat,eledebtrain070
5475.0,42183.44,0.1461601,14.75,247.832,313.4811,342.6324,eledebtrain070.dat,eledebtrain070
6995.0,42287.26,0.158005,11.5921,127.1397,13.8222,321.1813,eledebtrain070.dat,eledebtrain070
-4385.0,42247.85,0.2905597,23.2561,53.3409,221.7221,68.0247,eledebtrain071.dat,eledebtrain071
-3675.0,42297.31,0.2760308,27.7858,130.3141,226.4753,52.5105,eledebtrain071.dat,eledebtrain071
-2125.0,42235.54,0.2749508,34.6574,159.0758,304.6921,19.2482,eledebtrain071.dat,eledebtrain071
-1185.0,42329.49,0.1851222,36.2555,203.284,244.6481,1.9494,eledebtrain071.dat,eledebtrain071
5015.0,42310.79,0.1347373,6.9838,177.2424,91.6474,158.0117,eledebtrain071.dat,eledebtrain071
3725.0,42308.45,0.032828,18.6468,82.8079,67.9385,20.3049,eledebtrain072.dat,eledebtrain072
5515.0,42244.97,0.0298,20.5087,62.4267,129.9844,360.9923,eledebtrain072.dat,eledebtrain072
465.0,42328.01,0.0570796,15.1873,98.9688,22.1518,17.7924,eledebtrain073.dat,eledebtrain073
1465.0,42329.7,0.1172441,15.8979,244.0117,247.2495,11.1273,eledebtrain073.dat,eledebtrain073
1695.0,42239.8,0.1422309,16.3007,257.2119,156.8128,9.501,eledebtrain073.dat,eledebtrain073
2185.0,42221.34,0.1344052,16.4678,354.434,248.8779,6.1661,eledebtrain073.dat,eledebtrain073
2565.0,42223.45,0.1252908,16.7903,210.2017,264.0471,3.7216,eledebtrain073.dat,eledebtrain073
2965.0,42218.21,0.1016384,16.4905,42.1755,290.0804,0.9768,eledebtrain073.dat,eledebtrain073
4675.0,42225.77,0.1523095,16.3593,239.5444,231.5369,341.6842,eledebtrain073.dat,eledebtrain073
5285.0,42331.34,0.0600002,16.2533,126.6571,128.905,346.2606,eledebtrain073.dat,eledebtrain073
5695.0,42252.68,0.092943,15.4435,288.6219,186.7567,339.8861,eledebtrain073.dat,eledebtrain073
6545.0,42309.97,0.1595187,13.6561,261.821,287.336,324.8206,eledebtrain073.dat,eledebtrain073
7005.0,42239.51,0.1267233,12.3051,34.9602,356.0804,330.6391,eledebtrain073.dat,eledebtrain073
7255.0,42226.08,0.1471732,11.8513,23.3286,281.8181,325.8063,eledebtrain073.dat,eledebtrain073
-2725.0,42205.49,0.072393,11.2348,203.604,355.5605,70.8696,eledebtrain074.dat,eledebtrain074
-2235.0,42312.22,0.0384696,12.4883,183.3875,342.588,62.3255,eledebtrain074.dat,eledebtrain074
-1335.0,42246.94,0.0859579,14.0017,100.8467,11.3008,48.914,eledebtrain074.dat,eledebtrain074
-1035.0,42315.94,0.066916,14.6323,88.4394,5.1579,45.513,eledebtrain074.dat,eledebtrain074
55.0,42261.49,0.0559135,16.4644,344.4059,34.6786,32.1564,eledebtrain074.dat,eledebtrain074
2005.0,42195.24,0.0819914,17.5695,142.043,104.465,12.8029,eledebtrain074.dat,eledebtrain074
3875.0,42204.28,0.0804375,18.3168,318.9005,154.9057,355.0346,eledebtrain074.dat,eledebtrain074
5125.0,42201.24,0.0529827,18.2299,170.9227,216.7614,337.0576,eledebtrain074.dat,eledebtrain074
5365.0,42180.25,0.0821127,17.6349,175.0687,202.1729,336.2928,eledebtrain074.dat,eledebtrain074
6565.0,42304.03,0.070001,16.5359,38.2654,256.3054,322.5442,eledebtrain074.dat,eledebtrain074
6975.0,42181.28,0.0563493,15.5119,351.0464,275.8945,316.4969,eledebtrain074.dat,eledebtrain074
45.0,42226.01,0.0604126,30.4197,170.5207,100.7735,21.0866,eledebtrain075.dat,eledebtrain075
2825.0,42186.03,0.4067613,23.8454,314.9171,185.0885,320.5806,eledebtrain075.dat,eledebtrain075
3375.0,42225.38,0.2435425,20.2183,142.0566,127.7875,307.1292,eledebtrain075.dat,eledebtrain075
3685.0,42219.54,0.0705267,16.6862,192.0205,149.2248,306.3957,eledebtrain075.dat,eledebtrain075
5785.0,42207.23,0.2924817,6.2739,200.8,86.1667,81.3377,eledebtrain075.dat,eledebtrain075
7245.0,42203.29,0.3032431,20.102,136.9605,121.0712,47.6385,eledebtrain075.dat,eledebtrain075
3105.0,42216.29,0.324647,4.4038,68.8906,184.3502,306.6645,eledebtrain076.dat,eledebtrain076
4905.0,42216.11,0.2737908,15.7059,9.2225,74.142,49.2561,eledebtrain076.dat,eledebtrain076
-2625.0,42347.66,0.7251611,14.4326,138.824,299.3943,295.0931,eledebtrain077.dat,eledebtrain077
-1755.0,42359.7,0.2802145,24.5522,291.4073,252.3704,29.4511,eledebtrain077.dat,eledebtrain077
-1035.0,42308.32,0.0266666,28.1253,149.3001,107.2533,344.7422,eledebtrain077.dat,eledebtrain077
-535.0,42239.39,0.7894803,18.4467,21.7506,162.9303,315.3947,eledebtrain077.dat,eledebtrain077
-275.0,42295.92,0.5239885,9.8895,216.8614,116.0447,308.1377,eledebtrain077.dat,eledebtrain077
185.0,42318.52,0.7841332,19.1409,135.6687,42.3652,56.445,eledebtrain077.dat,eledebtrain077
1195.0,42290.39,0.7882689,30.6768,81.2324,32.5073,346.0701,eledebtrain077.dat,eledebtrain077
1595.0,42283.11,0.6915645,17.8486,105.8506,70.291,308.6468,eledebtrain077.dat,eledebtrain077
1935.0,42325.41,0.698326,4.8989,224.1136,72.0014,287.418,eledebtrain077.dat,eledebtrain077
2225.0,42265.75,0.7714045,8.7039,62.0158,240.9928,76.0942,eledebtrain077.dat,eledebtrain077
4865.0,42322.28,0.5117998,16.3689,153.1175,47.8054,44.209,eledebtrain077.dat,eledebtrain077
5215.0,42231.52,0.5452231,27.7228,285.0856,43.0994,30.6436,eledebtrain077.dat,eledebtrain077
5635.0,42228.9,0.7701808,32.6284,324.3287,79.6637,2.4624,eledebtrain077.dat,eledebtrain077
5955.0,42317.64,0.7510969,29.6148,140.7882,66.3563,339.4431,eledebtrain077.dat,eledebtrain077
625.0,42335.58,0.0625084,17.1606,41.5942,42.0754,0.6396,eledebtrain078.dat,eledebtrain078
1165.0,42175.12,0.0671826,17.0664,318.1582,51.7475,360.855,eledebtrain078.dat,eledebtrain078
1405.0,42193.54,0.0616199,17.0945,281.093,61.9155,352.9229,eledebtrain078.dat,eledebtrain078
2325.0,42323.1,0.0694107,16.289,132.0359,85.9424,343.4993,eledebtrain078.dat,eledebtrain078
5355.0,42332.27,0.0711926,12.788,14.7595,172.7939,317.4591,eledebtrain078.dat,eledebtrain078
5945.0,42173.53,0.0668311,12.0775,288.4484,183.224,302.6373,eledebtrain078.dat,eledebtrain078
6745.0,42286.67,0.068137,10.6258,164.2016,204.3035,300.7573,eledebtrain078.dat,eledebtrain078
7015.0,42265.26,0.0615175,9.9831,122.7644,216.5783,289.9877,eledebtrain078.dat,eledebtrain078
-1035.0,42201.53,0.0830466,16.138,315.9865,303.4706,25.7137,eledebtrain079.dat,eledebtrain079
1455.0,42266.38,0.0657514,17.3957,26.1788,297.9026,354.5895,eledebtrain079.dat,eledebtrain079
2115.0,42237.62,0.0244561,16.8573,21.7549,224.202,354.8672,eledebtrain079.dat,eledebtrain079
4275.0,42301.76,0.0438667,15.385,190.1285,159.6169,333.6412,eledebtrain079.dat,eledebtrain079
6235.0,42292.49,0.0396146,12.6852,96.0137,26.0387,318.1954,eledebtrain079.dat,eledebtrain079
-1135.0,42285.47,0.1579785,34.7329,38.5755,330.4916,346.7779,eledebtrain080.dat,eledebtrain080
-435.0,42262.57,0.1100508,28.4268,206.1049,329.6075,321.7391,eledebtrain080.dat,eledebtrain080
-135.0,42272.83,0.1750627,22.9685,332.9287,115.5307,311.0933,eledebtrain080.dat,eledebtrain080
575.0,42246.76,0.186891,8.3823,145.1237,125.5199,284.4628,eledebtrain080.dat,eledebtrain080
965.0,42235.68,0.0276625,0.3707,66.9612,351.9655,32.4946,eledebtrain080.dat,eledebtrain080
2535.0,42277.79,0.5359281,32.7011,76.8918,241.1853,39.2309,eledebtrain080.dat,eledebtrain080
3365.0,42274.93,0.3908886,38.207,131.3844,308.4661,0.3063,eledebtrain080.dat,eledebtrain080
5175.0,42289.55,0.2283206,17.3847,333.9707,338.7878,290.6828,eledebtrain080.dat,eledebtrain080
6195.0,42234.33,0.4443311,6.6143,91.4415,125.4305,99.6064,eledebtrain080.dat,eledebtrain080
6745.0,42274.91,0.4307074,18.694,41.5394,58.7602,75.0996,eledebtrain080.dat,eledebtrain080
7195.0,42260.1,0.5737928,26.2686,224.3108,117.0048,52.1526,eledebtrain080.dat,eledebtrain080
-1575.0,42289.57,0.2758972,24.1089,142.2479,192.4609,15.2035,eledebtrain081.dat,eledebtrain081
-815.0,42245.72,0.3395329,25.551,173.277,218.9387,2.5262,eledebtrain081.dat,eledebtrain081
1335.0,42172.61,0.2725825,18.1058,343.8208,222.9389,330.729,eledebtrain081.dat,eledebtrain081
3505.0,42250.3,0.2235369,6.8122,155.9437,180.0271,3.416,eledebtrain081.dat,eledebtrain081
4185.0,42256.94,0.0838334,9.9661,242.8989,123.2365,27.6715,eledebtrain081.dat,eledebtrain081
4755.0,42214.78,0.3523826,13.9542,165.253,233.6548,32.7988,eledebtrain081.dat,eledebtrain081
5065.0,42288.64,0.3863112,15.2463,218.4141,206.7367,29.2661,eledebtrain081.dat,eledebtrain081
5595.0,42238.64,0.0785179,18.1646,159.3825,311.6103,24.9567,eledebtrain081.dat,eledebtrain081
5895.0,42261.84,0.2646574,19.82,223.9752,264.546,22.0622,eledebtrain081.dat,eledebtrain081
6495.0,42231.31,0.3664584,21.3586,340.9982,205.6106,13.9116,eledebtrain081.dat,eledebtrain081
6825.0,42228.9,0.3126106,22.0533,20.0265,192.4811,9.4645,eledebtrain081.dat,eledebtrain081
-4145.0,42203.65,0.0923044,8.5755,51.0138,239.8936,33.5983,eledebtrain082.dat,eledebtrain082
-3675.0,42239.15,0.1009132,9.1846,307.997,250.0213,32.3308,eledebtrain082.dat,eledebtrain082
-3295.0,42261.25,0.1011367,9.9456,229.7127,253.1657,30.0928,eledebtrain082.dat,eledebtrain082
-1825.0,42244.65,0.0991423,11.6559,291.5868,296.3868,18.0688,eledebtrain082.dat,eledebtrain082
-425.0,42280.75,0.0858584,12.5406,351.6547,327.8386,4.7181,eledebtrain082.dat,eledebtrain082
-135.0,42250.38,0.0853989,12.6734,291.6399,345.2605,2.2018,eledebtrain082.dat,eledebtrain082
245.0,42213.78,0.085803,12.4047,214.1903,351.4553,359.3818,eledebtrain082.dat,eledebtrain082
555.0,42308.35,0.0904499,11.9456,146.3425,8.9765,359.2484,eledebtrain082.dat,eledebtrain082
1165.0,42331.74,0.0958822,11.8794,23.0921,18.9519,358.8989,eledebtrain082.dat,eledebtrain082
2005.0,42184.32,0.0940248,10.9395,200.5779,46.9256,343.3867,eledebtrain082.dat,eledebtrain082
2465.0,42270.5,0.0856434,10.6115,107.7825,54.7966,342.5477,eledebtrain082.dat,eledebtrain082
3685.0,42286.65,0.0898672,9.9646,222.7157,76.5341,342.2378,eledebtrain082.dat,eledebtrain082
5475.0,42257.52,0.0874187,8.813,205.3996,124.4472,333.545,eledebtrain082.dat,eledebtrain082
-245.0,42207.49,0.086437,21.2515,77.0109,208.8581,27.2399,eledebtrain083.dat,eledebtrain083
1115.0,42227.06,0.0973175,21.5212,176.3329,254.4166,10.2706,eledebtrain083.dat,eledebtrain083
2215.0,42281.97,0.0555384,7.8962,237.2176,126.024,283.8566,eledebtrain084.dat,eledebtrain084
3275.0,42314.98,0.0718343,4.6934,154.9328,93.5945,84.6743,eledebtrain084.dat,eledebtrain084
6805.0,42242.22,0.3663905,29.9573,97.1688,117.2588,6.3401,eledebtrain084.dat,eledebtrain084
-4085.0,42305.48,0.1994009,23.9702,339.3003,114.0675,40.7778,eledebtrain085.dat,eledebtrain085
-2875.0,42278.57,0.1442673,29.8735,44.3733,24.7832,18.2504,eledebtrain085.dat,eledebtrain085
-945.0,42299.42,0.3455049,30.2999,62.7977,104.0541,342.8092,eledebtrain085.dat,eledebtrain085
-425.0,42324.49,0.1874599,27.8023,174.6221,184.4159,328.316,eledebtrain085.dat,eledebtrain085
-225.0,42331.06,0.329645,27.8693,183.6271,113.9491,326.3042,eledebtrain085.dat,eledebtrain085
5.0,42284.58,0.0255784,26.2514,112.2743,112.0115,321.5725,eledebtrain085.dat,eledebtrain085
285.0,42252.19,0.2433697,24.0678,306.1709,187.0682,318.8575,eledebtrain085.dat,eledebtrain085
1535.0,42212.56,0.2060856,15.1843,342.1962,128.9135,286.9585,eledebtrain085.dat,eledebtrain085
1785.0,42248.14,0.1424447,11.9599,159.0257,235.6419,276.7753,eledebtrain085.dat,eledebtrain085
2355.0,42202.9,0.3661066,7.9116,39.3483,190.8405,260.3683,eledebtrain085.dat,eledebtrain085
2945.0,42205.53,0.0594017,3.0059,248.2363,209.3063,206.4612,eledebtrain085.dat,eledebtrain085
4075.0,42285.94,0.1487838,9.5199,242.9381,331.6878,86.0052,eledebtrain085.dat,eledebtrain085
5365.0,42216.09,0.3104861,20.6359,92.7796,88.8683,55.5928,eledebtrain085.dat,eledebtrain085
5755.0,42293.89,0.283639,22.9818,309.2001,108.8272,45.5756,eledebtrain085.dat,eledebtrain085
6315.0,42250.95,0.2464823,25.7994,209.4305,42.8546,34.788,eledebtrain085.dat,eledebtrain085
4095.0,42109.43,0.6600433,14.7754,43.6709,246.4497,76.2283,eledebtrain086.dat,eledebtrain086
4755.0,42173.99,0.7160492,34.9127,115.0518,247.7042,7.6141,eledebtrain086.dat,eledebtrain086
6865.0,42158.74,0.1587929,35.5183,162.8374,138.9211,356.9593,eledebtrain086.dat,eledebtrain086
1475.0,42331.92,0.1010071,16.6763,182.5737,198.0423,4.7572,eledebtrain087.dat,eledebtrain087
2015.0,42331.77,0.0995824,17.115,100.6183,211.2587,365.8333,eledebtrain087.dat,eledebtrain087
2335.0,42197.85,0.1008017,17.034,50.6761,215.6472,363.3383,eledebtrain087.dat,eledebtrain087
2775.0,42273.97,0.1036768,16.4929,340.1909,231.6407,355.9481,eledebtrain087.dat,eledebtrain087
4105.0,42283.98,0.100682,16.5484,136.6616,268.8102,333.3608,eledebtrain087.dat,eledebtrain087
4355.0,42333.64,0.1079103,16.344,104.2596,275.6096,341.1658,eledebtrain087.dat,eledebtrain087
4535.0,42229.83,0.1013888,16.1851,76.2837,280.6672,335.489,eledebtrain087.dat,eledebtrain087
4875.0,42298.46,0.102105,15.5706,23.3524,284.9701,334.3261,eledebtrain087.dat,eledebtrain087
5065.0,42239.86,0.1098834,15.7525,363.5325,296.8378,331.7185,eledebtrain087.dat,eledebtrain087
6305.0,42332.35,0.1054206,14.0318,165.7502,329.9498,319.9878,eledebtrain087.dat,eledebtrain087
6515.0,42191.52,0.1063694,13.4732,136.9704,338.8451,314.0123,eledebtrain087.dat,eledebtrain087
6705.0,42295.13,0.1059629,13.4991,107.7103,343.3231,310.4706,eledebtrain087.dat,eledebtrain087
6895.0,42217.15,0.1106474,13.1016,81.7799,347.5235,311.3098,eledebtrain087.dat,eledebtrain087
-905.0,42308.89,0.0191784,12.8831,331.2758,23.1999,18.8516,eledebtrain088.dat,eledebtrain088
5.0,42284.97,0.0184684,13.1516,163.5255,337.3053,10.3393,eledebtrain088.dat,eledebtrain088
655.0,42308.57,0.008293,12.8731,310.6046,48.1759,4.9554,eledebtrain088.dat,eledebtrain088
985.0,42186.34,0.0148048,12.8455,202.3466,74.452,2.4844,eledebtrain088.dat,eledebtrain088
2075.0,42297.6,0.0199919,12.5826,282.8268,99.2063,361.2297,eledebtrain088.dat,eledebtrain088
2915.0,42291.72,0.008415,12.5997,119.44,71.6415,346.8679,eledebtrain088.dat,eledebtrain088
4655.0,42182.67,0.023049,11.6629,361.3783,158.4059,338.6322,eledebtrain088.dat,eledebtrain088
5075.0,42341.93,0.0153487,11.795,244.5376,172.2988,341.6718,eledebtrain088.dat,eledebtrain088
5425.0,42266.42,0.0196456,11.2914,152.3478,186.7655,326.9158,eledebtrain088.dat,eledebtrain088
6125.0,42263.66,0.0253116,10.4931,348.7395,187.9914,328.5514,eledebtrain088.dat,eledebtrain088
-2555.0,42194.67,0.0219999,10.7449,238.8088,304.3587,46.0526,eledebtrain089.dat,eledebtrain089
-2165.0,42334.94,0.0231901,11.4319,164.0498,324.0325,41.8493,eledebtrain089.dat,eledebtrain089
-1985.0,42195.13,0.0200776,11.5977,115.2654,350.1765,38.993,eledebtrain089.dat,eledebtrain089
-435.0,42284.02,0.0175091,13.3839,185.4422,21.2152,22.0468,eledebtrain089.dat,eledebtrain089
-205.0,42175.64,0.024223,13.6047,143.6168,31.0523,20.5202,eledebtrain089.dat,eledebtrain089
865.0,42195.32,0.0253231,13.7536,307.0556,51.3289,10.6446,eledebtrain089.dat,eledebtrain089
1475.0,42172.56,0.0193931,13.8875,196.9145,63.9132,6.0905,eledebtrain089.dat,eledebtrain089
4645.0,42293.78,0.0239491,13.7727,298.8711,158.2114,342.3851,eledebtrain089.dat,eledebtrain089
6645.0,42212.96,0.0172362,11.8454,288.3278,211.283,319.3178,eledebtrain089.dat,eledebtrain089
7205.0,42326.87,0.0241927,10.5297,182.9097,221.2582,318.002,eledebtrain089.dat,eledebtrain089
-3175.0,42206.74,0.1409062,9.7838,187.9472,21.5971,29.9596,eledebtrain090.dat,eledebtrain090
-1815.0,42186.56,0.0297206,12.5819,309.088,361.5075,21.8048,eledebtrain090.dat,eledebtrain090
-985.0,42194.57,0.1202347,13.6415,96.6987,53.7765,14.3568,eledebtrain090.dat,eledebtrain090
-465.0,42203.23,0.1162626,13.6829,274.3047,135.0869,10.4756,eledebtrain090.dat,eledebtrain090
705.0,42208.2,0.0655418,13.4885,360.0398,186.2634,1.3305,eledebtrain090.dat,eledebtrain090
2335.0,42321.21,0.0976322,12.9825,113.958,116.3611,355.0722,eledebtrain090.dat,eledebtrain090
3115.0,42273.75,0.1224667,12.5852,288.929,151.6594,351.7002,eledebtrain090.dat,eledebtrain090
3895.0,42282.32,0.1371189,12.0008,105.078,183.8695,351.6042,eledebtrain090.dat,eledebtrain090
4125.0,42217.6,0.0256911,12.0785,112.0303,129.0478,340.7286,eledebtrain090.dat,eledebtrain090
4715.0,42312.11,0.1310828,11.4811,243.542,236.3846,342.2975,eledebtrain090.dat,eledebtrain090
6455.0,42193.63,0.1168286,9.318,289.6952,223.9377,332.2465,eledebtrain090.dat,eledebtrain090
7265.0,42268.08,0.1457956,7.9661,84.7517,269.1185,325.4173,eledebtrain090.dat,eledebtrain090
-925.0,42274.85,0.0416241,27.7193,87.6552,88.1328,23.5858,eledebtrain091.dat,eledebtrain091
-455.0,42184.38,0.147501,28.4728,281.4765,205.3707,16.108,eledebtrain091.dat,eledebtrain091
455.0,42220.43,0.1184236,28.7962,56.1454,334.7635,2.0938,eledebtrain091.dat,eledebtrain091
1515.0,42237.05,0.1618395,28.3039,315.7566,325.8255,343.9585,eledebtrain091.dat,eledebtrain091
1785.0,42170.99,0.1690106,27.8317,335.1168,273.1345,338.1811,eledebtrain091.dat,eledebtrain091
3455.0,42255.85,0.0581467,23.6621,350.8619,84.568,320.931,eledebtrain091.dat,eledebtrain091
3835.0,42198.84,0.0455305,22.5137,282.255,110.25,317.7582,eledebtrain091.dat,eledebtrain091
4845.0,42312.96,0.1526532,18.3102,249.5036,48.2814,296.867,eledebtrain091.dat,eledebtrain091
6095.0,42286.57,0.0451384,13.0736,267.1631,286.73,269.3358,eledebtrain091.dat,eledebtrain091
6675.0,42205.69,0.1517072,10.5986,38.8376,100.3102,252.4102,eledebtrain091.dat,eledebtrain091
7195.0,42236.85,0.0369036,8.3972,145.9232,316.5102,235.2187,eledebtrain091.dat,eledebtrain091
1645.0,42326.56,0.0974779,11.9866,131.7663,181.2972,36.7729,eledebtrain092.dat,eledebtrain092
2085.0,42285.08,0.1057927,12.3914,33.2452,192.8668,32.6202,eledebtrain092.dat,eledebtrain092
5615.0,42288.06,0.1005276,16.1342,292.3062,285.7485,353.48,eledebtrain092.dat,eledebtrain092
6395.0,42212.8,0.0997477,15.7687,113.1228,306.4443,346.8731,eledebtrain092.dat,eledebtrain092
6795.0,42248.88,0.1001157,15.711,20.9735,317.4315,342.0009,eledebtrain092.dat,eledebtrain092
1865.0,42214.69,0.0934553,11.1897,88.15,37.0215,353.9594,eledebtrain093.dat,eledebtrain093
3285.0,42345.16,0.0631085,10.5674,71.3375,75.351,343.3795,eledebtrain093.dat,eledebtrain093
4955.0,42298.49,0.119484,9.3741,346.5621,129.8407,341.0694,eledebtrain093.dat,eledebtrain093
7165.0,42253.13,0.1174895,6.6066,134.5531,173.36,323.6253,eledebtrain093.dat,eledebtrain093
715.0,42256.87,0.0113436,16.771,150.7146,273.5356,0.7955,eledebtrain094.dat,eledebtrain094
1965.0,42335.36,0.0058341,16.3758,173.0767,27.2959,344.21,eledebtrain094.dat,eledebtrain094
4135.0,42259.31,0.0100582,14.7494,140.2097,43.2187,323.6253,eledebtrain094.dat,eledebtrain094
5005.0,42230.1,0.0020998,13.4101,200.0867,190.5598,323.9456,eledebtrain094.dat,eledebtrain094
5835.0,42308.05,0.0072947,12.362,255.721,347.8878,314.4825,eledebtrain094.dat,eledebtrain094
7185.0,42268.03,0.0052873,9.7895,204.121,179.489,293.2343,eledebtrain094.dat,eledebtrain094
2245.0,42257.0,0.0060114,16.6082,257.0363,266.9459,11.7611,eledebtrain095.dat,eledebtrain095
4785.0,42270.83,0.0242897,17.4849,190.7397,287.9559,351.9404,eledebtrain095.dat,eledebtrain095
-95.0,42269.02,0.4999462,32.8241,0.3377,176.0181,344.6816,eledebtrain096.dat,eledebtrain096
305.0,42286.87,0.4109015,29.343,90.4517,194.2309,332.2906,eledebtrain096.dat,eledebtrain096
2835.0,42301.83,0.393619,5.7807,322.2199,51.5134,93.3111,eledebtrain096.dat,eledebtrain096
3015.0,42229.33,0.3667552,5.5992,292.6918,0.0422,72.882,eledebtrain096.dat,eledebtrain096
4885.0,42293.1,0.4900493,30.1191,185.0401,50.2471,28.5865,eledebtrain096.dat,eledebtrain096
-5.0,42185.74,0.0836567,17.4587,204.3445,7.8311,7.4269,eledebtrain097.dat,eledebtrain097
1195.0,42226.0,0.128677,17.305,24.2484,51.8259,357.3461,eledebtrain097.dat,eledebtrain097
1525.0,42284.14,0.1089908,17.1536,353.8874,52.8684,353.9811,eledebtrain097.dat,eledebtrain097
1845.0,42304.02,0.0800778,16.9203,305.8405,61.1849,346.4792,eledebtrain097.dat,eledebtrain097
2345.0,42285.49,0.1367284,16.2333,218.2339,91.4409,348.9738,eledebtrain097.dat,eledebtrain097
2655.0,42326.55,0.1178719,15.9019,195.1476,84.2004,335.3514,eledebtrain097.dat,eledebtrain097
3235.0,42264.97,0.0802823,15.2052,80.7073,131.9317,339.508,eledebtrain097.dat,eledebtrain097
3865.0,42222.79,0.1339499,14.9428,7.1003,136.1226,333.536,eledebtrain097.dat,eledebtrain097
4765.0,42269.29,0.0657075,13.5031,252.2165,154.3837,326.4501,eledebtrain097.dat,eledebtrain097
5455.0,42228.22,0.0841035,12.5085,137.7856,194.761,312.5167,eledebtrain097.dat,eledebtrain097
5925.0,42183.84,0.0782528,11.5545,114.8489,170.2757,313.384,eledebtrain097.dat,eledebtrain097
6185.0,42255.65,0.0916815,11.2134,43.1864,219.6466,306.5929,eledebtrain097.dat,eledebtrain097
6525.0,42216.0,0.109994,10.3791,1.1256,228.0009,305.1909,eledebtrain097.dat,eledebtrain097
1505.0,42267.57,0.2069732,15.0006,103.094,284.4358,350.2191,eledebtrain098.dat,eledebtrain098
1905.0,42189.3,0.1428093,14.8244,121.0955,305.8811,352.8191,eledebtrain098.dat,eledebtrain098
2195.0,42279.12,0.2724186,14.5095,183.1048,270.9683,351.3712,eledebtrain098.dat,eledebtrain098
3135.0,42230.93,0.1457142,13.7738,340.9866,196.2157,349.3519,eledebtrain098.dat,eledebtrain098
3415.0,42196.33,0.0588722,13.6227,229.8641,336.713,351.5029,eledebtrain098.dat,eledebtrain098
4135.0,42236.76,0.0989119,13.0681,288.2103,333.7153,356.3896,eledebtrain098.dat,eledebtrain098
4425.0,42209.92,0.2501705,12.937,352.7322,295.6648,349.9126,eledebtrain098.dat,eledebtrain098
4885.0,42224.07,0.068589,12.6836,352.0767,342.6451,352.6626,eledebtrain098.dat,eledebtrain098
5635.0,42269.31,0.0390698,12.1944,45.5069,357.4503,352.9886,eledebtrain098.dat,eledebtrain098
5815.0,42262.7,0.2923281,12.0693,148.4536,270.5068,353.1721,eledebtrain098.dat,eledebtrain098
6345.0,42225.76,0.103464,11.5509,109.2168,350.6502,357.8597,eledebtrain098.dat,eledebtrain098
6545.0,42192.6,0.2886938,11.2784,211.5452,274.069,356.0003,eledebtrain098.dat,eledebtrain098
6805.0,42158.56,0.1119646,11.0112,284.5384,219.102,349.8065,eledebtrain098.dat,eledebtrain098
7265.0,42208.27,0.2742037,10.6129,281.5372,268.7486,360.4671,eledebtrain098.dat,eledebtrain098
-3035.0,42298.29,0.0164799,13.6472,19.7884,257.8534,29.9009,eledebtrain099.dat,eledebtrain099
-235.0,42249.88,0.1497848,20.2557,79.3143,360.505,356.3467,eledebtrain100.dat,eledebtrain100
